unique_id,type_id,area,build_year,building_type,coordinates,equipment,floor,heating_system,microdistrict,no._of_floors,number_of_rooms,price,region,renovation_year,street,url,image_urls
3400057,1,25,1984,Block house,"54.68557,25.42491",Fully equipped,4,Central,Naujoji Vilnia,5,1,51000,Vilnius,0,Parko g.,aruodas.lt/1-3400057,"https://aruodas-img.dgn.lt/object_61_115297577/vilnius-naujoji-vilnia-parko-g.jpg,https://aruodas-img.dgn.lt/object_61_115297589/vilnius-naujoji-vilnia-parko-g.jpg,https://aruodas-img.dgn.lt/object_61_115297593/vilnius-naujoji-vilnia-parko-g.jpg,https://aruodas-img.dgn.lt/object_61_115297599/vilnius-naujoji-vilnia-parko-g.jpg,https://aruodas-img.dgn.lt/object_61_115297591/vilnius-naujoji-vilnia-parko-g.jpg,https://aruodas-img.dgn.lt/object_61_115297581/vilnius-naujoji-vilnia-parko-g.jpg,https://aruodas-img.dgn.lt/object_61_115297597/vilnius-naujoji-vilnia-parko-g.jpg,https://aruodas-img.dgn.lt/object_61_115297585/vilnius-naujoji-vilnia-parko-g.jpg,https://aruodas-img.dgn.lt/object_61_115297575/vilnius-naujoji-vilnia-parko-g.jpg,https://aruodas-img.dgn.lt/object_61_115297583/vilnius-naujoji-vilnia-parko-g.jpg,https://aruodas-img.dgn.lt/object_61_115297587/vilnius-naujoji-vilnia-parko-g.jpg,https://aruodas-img.dgn.lt/object_61_115297579/vilnius-naujoji-vilnia-parko-g.jpg,https://aruodas-img.dgn.lt/object_61_115297595/vilnius-naujoji-vilnia-parko-g.jpg"
3297966,1,63,1995,Brick,"55.91414,21.0891",Fully equipped,3,"Electric, aerothermal",,3,3,120000,Palanga,0,Vasaros g.,aruodas.lt/1-3297966,"https://aruodas-img.dgn.lt/object_61_109449381/palanga-vasaros-g.jpg,https://aruodas-img.dgn.lt/object_61_109449583/palanga-vasaros-g.jpg,https://aruodas-img.dgn.lt/object_61_109449585/palanga-vasaros-g.jpg,https://aruodas-img.dgn.lt/object_61_108739692/palanga-vasaros-g.jpg,https://aruodas-img.dgn.lt/object_61_108739690/palanga-vasaros-g.jpg,https://aruodas-img.dgn.lt/object_61_112480537/palanga-vasaros-g.jpg,https://aruodas-img.dgn.lt/object_61_112480535/palanga-vasaros-g.jpg,https://aruodas-img.dgn.lt/object_61_108732732/palanga-vasaros-g.jpg,https://aruodas-img.dgn.lt/object_61_109449581/palanga-vasaros-g.jpg,https://aruodas-img.dgn.lt/object_61_109426539/palanga-vasaros-g.jpg,https://aruodas-img.dgn.lt/object_61_108734446/palanga-vasaros-g.jpg,https://aruodas-img.dgn.lt/object_61_109920033/palanga-vasaros-g.jpg,https://aruodas-img.dgn.lt/object_61_112480531/palanga-vasaros-g.jpg,https://aruodas-img.dgn.lt/object_61_112480533/palanga-vasaros-g.jpg,https://aruodas-img.dgn.lt/object_61_112480539/palanga-vasaros-g.jpg"
3400991,1,30,1970,Block house,"54.92788,23.97816",Fully equipped,4,Central,Dainava,5,1,47500,Kaunas,0,Partizanų g.,aruodas.lt/1-3400991,"https://skelbiu-img.dgn.lt/1_5_3871396589/vieno-kambario-butas-dainavoje.jpg,https://skelbiu-img.dgn.lt/1_5_3871396657/vieno-kambario-butas-dainavoje.jpg,https://skelbiu-img.dgn.lt/1_5_3871396591/vieno-kambario-butas-dainavoje.jpg,https://skelbiu-img.dgn.lt/1_5_3871396661/vieno-kambario-butas-dainavoje.jpg,https://skelbiu-img.dgn.lt/1_5_3871396593/vieno-kambario-butas-dainavoje.jpg,https://skelbiu-img.dgn.lt/1_5_3871396659/vieno-kambario-butas-dainavoje.jpg"
3400481,1,83.07,1973,Brick,"54.91568,23.89073",Not equipped,3,Other,Vilijampolė,3,3,38600,Kaunas,0,Stanaičių g.,aruodas.lt/1-3400481,"https://aruodas-img.dgn.lt/object_61_115326137/kaunas-vilijampole-stanaiciu-g.jpg,https://aruodas-img.dgn.lt/object_61_115326949/kaunas-vilijampole-stanaiciu-g.jpg,https://aruodas-img.dgn.lt/object_61_115326127/kaunas-vilijampole-stanaiciu-g.jpg,https://aruodas-img.dgn.lt/object_61_115326129/kaunas-vilijampole-stanaiciu-g.jpg,https://aruodas-img.dgn.lt/object_61_115326131/kaunas-vilijampole-stanaiciu-g.jpg,https://aruodas-img.dgn.lt/object_61_115326135/kaunas-vilijampole-stanaiciu-g.jpg,https://aruodas-img.dgn.lt/object_61_115326133/kaunas-vilijampole-stanaiciu-g.jpg,https://aruodas-img.dgn.lt/object_61_115326123/kaunas-vilijampole-stanaiciu-g.jpg,https://aruodas-img.dgn.lt/object_61_115326071/kaunas-vilijampole-stanaiciu-g.jpg"
3368154,1,45,1920,Brick,"54.89851,23.89085",Fully equipped,1,Central,Senamiestis,3,2,144000,Kaunas,0,Kumelių g.,aruodas.lt/1-3368154,"https://aruodas-img.dgn.lt/object_61_113198128/kaunas-senamiestis-kumeliu-g.jpg,https://aruodas-img.dgn.lt/object_61_113195826/kaunas-senamiestis-kumeliu-g.jpg,https://aruodas-img.dgn.lt/object_61_113198130/kaunas-senamiestis-kumeliu-g.jpg,https://aruodas-img.dgn.lt/object_61_113198478/kaunas-senamiestis-kumeliu-g.jpg,https://aruodas-img.dgn.lt/object_61_113588726/kaunas-senamiestis-kumeliu-g.jpg,https://aruodas-img.dgn.lt/object_61_113588724/kaunas-senamiestis-kumeliu-g.jpg,https://aruodas-img.dgn.lt/object_61_113588884/kaunas-senamiestis-kumeliu-g.jpg,https://aruodas-img.dgn.lt/object_61_113198468/kaunas-senamiestis-kumeliu-g.jpg,https://aruodas-img.dgn.lt/object_61_113198480/kaunas-senamiestis-kumeliu-g.jpg,https://aruodas-img.dgn.lt/object_61_113198482/kaunas-senamiestis-kumeliu-g.jpg,https://aruodas-img.dgn.lt/object_61_113195828/kaunas-senamiestis-kumeliu-g.jpg,https://aruodas-img.dgn.lt/object_61_113198134/kaunas-senamiestis-kumeliu-g.jpg,https://aruodas-img.dgn.lt/object_61_113198138/kaunas-senamiestis-kumeliu-g.jpg,https://aruodas-img.dgn.lt/object_61_113198136/kaunas-senamiestis-kumeliu-g.jpg,https://aruodas-img.dgn.lt/object_61_113591558/kaunas-senamiestis-kumeliu-g.jpg,https://aruodas-img.dgn.lt/object_61_113198132/kaunas-senamiestis-kumeliu-g.jpg"
3333527,1,36.52,1934,Log house,"54.91707,23.89072",Fully equipped,1,"Electric, solid fuel",Vilijampolė,2,2,36400,Kaunas,0,Jūratės g.,aruodas.lt/1-3333527,"https://aruodas-img.dgn.lt/object_61_110910795/kaunas-vilijampole-jurates-g.jpg,https://aruodas-img.dgn.lt/object_61_114129612/kaunas-vilijampole-jurates-g.jpg,https://aruodas-img.dgn.lt/object_61_114129616/kaunas-vilijampole-jurates-g.jpg,https://aruodas-img.dgn.lt/object_61_114129606/kaunas-vilijampole-jurates-g.jpg,https://aruodas-img.dgn.lt/object_61_114129602/kaunas-vilijampole-jurates-g.jpg,https://aruodas-img.dgn.lt/object_61_114129600/kaunas-vilijampole-jurates-g.jpg,https://aruodas-img.dgn.lt/object_61_110910605/kaunas-vilijampole-jurates-g.jpg,https://aruodas-img.dgn.lt/object_61_110910601/kaunas-vilijampole-jurates-g.jpg,https://aruodas-img.dgn.lt/object_61_110910603/kaunas-vilijampole-jurates-g.jpg,https://aruodas-img.dgn.lt/object_61_110910617/kaunas-vilijampole-jurates-g.jpg,https://aruodas-img.dgn.lt/object_61_110910607/kaunas-vilijampole-jurates-g.jpg,https://aruodas-img.dgn.lt/object_61_110946331/kaunas-vilijampole-jurates-g.jpg,https://aruodas-img.dgn.lt/object_61_110910699/kaunas-vilijampole-jurates-g.jpg,https://aruodas-img.dgn.lt/object_61_110910753/kaunas-vilijampole-jurates-g.jpg,https://aruodas-img.dgn.lt/object_61_110910679/kaunas-vilijampole-jurates-g.jpg,https://aruodas-img.dgn.lt/object_61_110910717/kaunas-vilijampole-jurates-g.jpg"
3394575,1,53.01,2023,Brick,"54.74692,25.19621",Partially equipped,2,Aerothermal,Tarandė,4,2,137826,Vilnius,0,Užubalių g.,aruodas.lt/1-3394575,"https://aruodas-img.dgn.lt/object_61_115047563/vilnius-tarande-uzubaliu-g.jpg,https://aruodas-img.dgn.lt/object_61_115047315/vilnius-tarande-uzubaliu-g.jpg,https://aruodas-img.dgn.lt/object_61_114556037/vilnius-tarande-uzubaliu-g.jpg,https://aruodas-img.dgn.lt/object_61_114556047/vilnius-tarande-uzubaliu-g.jpg,https://aruodas-img.dgn.lt/object_61_115047567/vilnius-tarande-uzubaliu-g.jpg,https://aruodas-img.dgn.lt/object_61_114969669/vilnius-tarande-uzubaliu-g.jpg,https://aruodas-img.dgn.lt/object_61_115111723/vilnius-tarande-uzubaliu-g.jpg,https://aruodas-img.dgn.lt/object_61_114969699/vilnius-tarande-uzubaliu-g.jpg,https://aruodas-img.dgn.lt/object_61_115111725/vilnius-tarande-uzubaliu-g.jpg,https://aruodas-img.dgn.lt/object_61_114969701/vilnius-tarande-uzubaliu-g.jpg,https://aruodas-img.dgn.lt/object_61_114969695/vilnius-tarande-uzubaliu-g.jpg,https://aruodas-img.dgn.lt/object_61_114556025/vilnius-tarande-uzubaliu-g.jpg,https://aruodas-img.dgn.lt/object_61_114556023/vilnius-tarande-uzubaliu-g.jpg,https://aruodas-img.dgn.lt/object_61_114556269/vilnius-tarande-uzubaliu-g.jpg,https://aruodas-img.dgn.lt/object_61_114556035/vilnius-tarande-uzubaliu-g.jpg,https://aruodas-img.dgn.lt/object_61_114556039/vilnius-tarande-uzubaliu-g.jpg,https://aruodas-img.dgn.lt/object_61_114556033/vilnius-tarande-uzubaliu-g.jpg,https://aruodas-img.dgn.lt/object_61_114556041/vilnius-tarande-uzubaliu-g.jpg,https://aruodas-img.dgn.lt/object_61_115047569/vilnius-tarande-uzubaliu-g.jpg,https://aruodas-img.dgn.lt/object_61_114556045/vilnius-tarande-uzubaliu-g.jpg,https://aruodas-img.dgn.lt/object_61_114969687/vilnius-tarande-uzubaliu-g.jpg,https://aruodas-img.dgn.lt/object_61_114969689/vilnius-tarande-uzubaliu-g.jpg,https://aruodas-img.dgn.lt/object_61_114969691/vilnius-tarande-uzubaliu-g.jpg,https://aruodas-img.dgn.lt/object_61_114969683/vilnius-tarande-uzubaliu-g.jpg,https://aruodas-img.dgn.lt/object_61_115047571/vilnius-tarande-uzubaliu-g.jpg,https://aruodas-img.dgn.lt/object_61_114969675/vilnius-tarande-uzubaliu-g.jpg,https://aruodas-img.dgn.lt/object_61_114969673/vilnius-tarande-uzubaliu-g.jpg,https://aruodas-img.dgn.lt/object_61_114969671/vilnius-tarande-uzubaliu-g.jpg,https://aruodas-img.dgn.lt/object_61_114556029/vilnius-tarande-uzubaliu-g.jpg,https://aruodas-img.dgn.lt/object_61_114556049/vilnius-tarande-uzubaliu-g.jpg,https://aruodas-img.dgn.lt/object_61_114556031/vilnius-tarande-uzubaliu-g.jpg,https://aruodas-img.dgn.lt/object_61_114969681/vilnius-tarande-uzubaliu-g.jpg,https://aruodas-img.dgn.lt/object_61_114969679/vilnius-tarande-uzubaliu-g.jpg"
3400989,1,50,1979,Block house,"55.60713,26.42582",Fully equipped,9,Central,,9,2,24000,Visagino m.,0,Kosmoso g.,aruodas.lt/1-3400989,"https://aruodas-img.dgn.lt/object_61_115355937/visagino-m-kosmoso-g.jpg,https://aruodas-img.dgn.lt/object_61_115355939/visagino-m-kosmoso-g.jpg,https://aruodas-img.dgn.lt/object_61_115355941/visagino-m-kosmoso-g.jpg,https://aruodas-img.dgn.lt/object_61_115355943/visagino-m-kosmoso-g.jpg,https://aruodas-img.dgn.lt/object_61_115355945/visagino-m-kosmoso-g.jpg,https://aruodas-img.dgn.lt/object_61_115355947/visagino-m-kosmoso-g.jpg,https://aruodas-img.dgn.lt/object_61_115355949/visagino-m-kosmoso-g.jpg,https://aruodas-img.dgn.lt/object_61_115355951/visagino-m-kosmoso-g.jpg"
3377126,1,46,2023,Brick,"54.96397,23.81672",Partially equipped,2,Aerothermal,Užliedžių k.,3,2,75900,Kauno r. sav.,0,Pienių g.,aruodas.lt/1-3377126,"https://aruodas-img.dgn.lt/object_61_113807952/kauno-r-sav-uzliedziu-k-pieniu-g.jpg,https://aruodas-img.dgn.lt/object_61_113807950/kauno-r-sav-uzliedziu-k-pieniu-g.jpg,https://aruodas-img.dgn.lt/object_61_113807954/kauno-r-sav-uzliedziu-k-pieniu-g.jpg,https://aruodas-img.dgn.lt/object_61_113807956/kauno-r-sav-uzliedziu-k-pieniu-g.jpg,https://aruodas-img.dgn.lt/object_61_113807958/kauno-r-sav-uzliedziu-k-pieniu-g.jpg,https://aruodas-img.dgn.lt/object_61_113807948/kauno-r-sav-uzliedziu-k-pieniu-g.jpg,https://aruodas-img.dgn.lt/object_61_113807960/kauno-r-sav-uzliedziu-k-pieniu-g.jpg,https://aruodas-img.dgn.lt/object_61_113807962/kauno-r-sav-uzliedziu-k-pieniu-g.jpg"
3400987,1,65.54,2020,Brick,"54.89539,23.94204",Fully equipped,1,Gas,Vijūkų k.,2,3,138000,Kauno r. sav.,0,Ąžuolyno g.,aruodas.lt/1-3400987,"https://aruodas-img.dgn.lt/object_61_115355793/kauno-r-sav-vijuku-k-azuolyno-g.jpg,https://aruodas-img.dgn.lt/object_61_115355797/kauno-r-sav-vijuku-k-azuolyno-g.jpg,https://aruodas-img.dgn.lt/object_61_115355799/kauno-r-sav-vijuku-k-azuolyno-g.jpg,https://aruodas-img.dgn.lt/object_61_115355801/kauno-r-sav-vijuku-k-azuolyno-g.jpg,https://aruodas-img.dgn.lt/object_61_115355813/kauno-r-sav-vijuku-k-azuolyno-g.jpg,https://aruodas-img.dgn.lt/object_61_115355827/kauno-r-sav-vijuku-k-azuolyno-g.jpg,https://aruodas-img.dgn.lt/object_61_115355831/kauno-r-sav-vijuku-k-azuolyno-g.jpg,https://aruodas-img.dgn.lt/object_61_115355835/kauno-r-sav-vijuku-k-azuolyno-g.jpg,https://aruodas-img.dgn.lt/object_61_115355837/kauno-r-sav-vijuku-k-azuolyno-g.jpg,https://aruodas-img.dgn.lt/object_61_115355839/kauno-r-sav-vijuku-k-azuolyno-g.jpg,https://aruodas-img.dgn.lt/object_61_115355841/kauno-r-sav-vijuku-k-azuolyno-g.jpg,https://aruodas-img.dgn.lt/object_61_115355843/kauno-r-sav-vijuku-k-azuolyno-g.jpg,https://aruodas-img.dgn.lt/object_61_115355845/kauno-r-sav-vijuku-k-azuolyno-g.jpg,https://aruodas-img.dgn.lt/object_61_115355847/kauno-r-sav-vijuku-k-azuolyno-g.jpg,https://aruodas-img.dgn.lt/object_61_115355851/kauno-r-sav-vijuku-k-azuolyno-g.jpg,https://aruodas-img.dgn.lt/object_61_115355855/kauno-r-sav-vijuku-k-azuolyno-g.jpg"
3400985,1,98,2008,Brick,"54.69164,25.28464",Fully equipped,2,"Central, electric",Šnipiškės,5,3,590000,Vilnius,0,A. Juozapavičiaus g.,aruodas.lt/1-3400985,"https://aruodas-img.dgn.lt/object_61_115352393/vilnius-snipiskes-a-juozapaviciaus-g.jpg,https://aruodas-img.dgn.lt/object_61_115352387/vilnius-snipiskes-a-juozapaviciaus-g.jpg,https://aruodas-img.dgn.lt/object_61_115352389/vilnius-snipiskes-a-juozapaviciaus-g.jpg,https://aruodas-img.dgn.lt/object_61_115352357/vilnius-snipiskes-a-juozapaviciaus-g.jpg,https://aruodas-img.dgn.lt/object_61_115352385/vilnius-snipiskes-a-juozapaviciaus-g.jpg,https://aruodas-img.dgn.lt/object_61_115352379/vilnius-snipiskes-a-juozapaviciaus-g.jpg,https://aruodas-img.dgn.lt/object_61_115352381/vilnius-snipiskes-a-juozapaviciaus-g.jpg,https://aruodas-img.dgn.lt/object_61_115352371/vilnius-snipiskes-a-juozapaviciaus-g.jpg,https://aruodas-img.dgn.lt/object_61_115352369/vilnius-snipiskes-a-juozapaviciaus-g.jpg,https://aruodas-img.dgn.lt/object_61_115352391/vilnius-snipiskes-a-juozapaviciaus-g.jpg,https://aruodas-img.dgn.lt/object_61_115352363/vilnius-snipiskes-a-juozapaviciaus-g.jpg,https://aruodas-img.dgn.lt/object_61_115352367/vilnius-snipiskes-a-juozapaviciaus-g.jpg,https://aruodas-img.dgn.lt/object_61_115352361/vilnius-snipiskes-a-juozapaviciaus-g.jpg,https://aruodas-img.dgn.lt/object_61_115352373/vilnius-snipiskes-a-juozapaviciaus-g.jpg,https://aruodas-img.dgn.lt/object_61_115352375/vilnius-snipiskes-a-juozapaviciaus-g.jpg,https://aruodas-img.dgn.lt/object_61_115352365/vilnius-snipiskes-a-juozapaviciaus-g.jpg,https://aruodas-img.dgn.lt/object_61_115352359/vilnius-snipiskes-a-juozapaviciaus-g.jpg,https://aruodas-img.dgn.lt/object_61_115352355/vilnius-snipiskes-a-juozapaviciaus-g.jpg,https://aruodas-img.dgn.lt/object_61_115352353/vilnius-snipiskes-a-juozapaviciaus-g.jpg,https://aruodas-img.dgn.lt/object_61_115352349/vilnius-snipiskes-a-juozapaviciaus-g.jpg,https://aruodas-img.dgn.lt/object_61_115352351/vilnius-snipiskes-a-juozapaviciaus-g.jpg,https://aruodas-img.dgn.lt/object_61_115352345/vilnius-snipiskes-a-juozapaviciaus-g.jpg,https://aruodas-img.dgn.lt/object_61_115352347/vilnius-snipiskes-a-juozapaviciaus-g.jpg"
3400983,1,99.08,2003,Brick,"54.72566,25.23913",Fully equipped,1,Electric,Pašilaičiai,5,4,257000,Vilnius,0,Jurgio Baltrušaičio g.,aruodas.lt/1-3400983,"https://aruodas-img.dgn.lt/object_61_115355405/vilnius-pasilaiciai-jurgio-baltrusaicio-g.jpg,https://aruodas-img.dgn.lt/object_61_115355571/vilnius-pasilaiciai-jurgio-baltrusaicio-g.jpg,https://aruodas-img.dgn.lt/object_61_115355429/vilnius-pasilaiciai-jurgio-baltrusaicio-g.jpg,https://aruodas-img.dgn.lt/object_61_115355409/vilnius-pasilaiciai-jurgio-baltrusaicio-g.jpg,https://aruodas-img.dgn.lt/object_61_115355411/vilnius-pasilaiciai-jurgio-baltrusaicio-g.jpg,https://aruodas-img.dgn.lt/object_61_115355423/vilnius-pasilaiciai-jurgio-baltrusaicio-g.jpg,https://aruodas-img.dgn.lt/object_61_115355431/vilnius-pasilaiciai-jurgio-baltrusaicio-g.jpg,https://aruodas-img.dgn.lt/object_61_115355417/vilnius-pasilaiciai-jurgio-baltrusaicio-g.jpg,https://aruodas-img.dgn.lt/object_61_115355415/vilnius-pasilaiciai-jurgio-baltrusaicio-g.jpg,https://aruodas-img.dgn.lt/object_61_115355569/vilnius-pasilaiciai-jurgio-baltrusaicio-g.jpg,https://aruodas-img.dgn.lt/object_61_115355435/vilnius-pasilaiciai-jurgio-baltrusaicio-g.jpg,https://aruodas-img.dgn.lt/object_61_115355437/vilnius-pasilaiciai-jurgio-baltrusaicio-g.jpg,https://aruodas-img.dgn.lt/object_61_115355439/vilnius-pasilaiciai-jurgio-baltrusaicio-g.jpg,https://aruodas-img.dgn.lt/object_61_115355443/vilnius-pasilaiciai-jurgio-baltrusaicio-g.jpg,https://aruodas-img.dgn.lt/object_61_115355447/vilnius-pasilaiciai-jurgio-baltrusaicio-g.jpg,https://aruodas-img.dgn.lt/object_61_115355451/vilnius-pasilaiciai-jurgio-baltrusaicio-g.jpg,https://aruodas-img.dgn.lt/object_61_115355455/vilnius-pasilaiciai-jurgio-baltrusaicio-g.jpg,https://aruodas-img.dgn.lt/object_61_115355467/vilnius-pasilaiciai-jurgio-baltrusaicio-g.jpg,https://aruodas-img.dgn.lt/object_61_115355471/vilnius-pasilaiciai-jurgio-baltrusaicio-g.jpg,https://aruodas-img.dgn.lt/object_61_115355479/vilnius-pasilaiciai-jurgio-baltrusaicio-g.jpg,https://aruodas-img.dgn.lt/object_61_115355487/vilnius-pasilaiciai-jurgio-baltrusaicio-g.jpg,https://aruodas-img.dgn.lt/object_61_115355505/vilnius-pasilaiciai-jurgio-baltrusaicio-g.jpg,https://aruodas-img.dgn.lt/object_61_115355511/vilnius-pasilaiciai-jurgio-baltrusaicio-g.jpg,https://aruodas-img.dgn.lt/object_61_115355513/vilnius-pasilaiciai-jurgio-baltrusaicio-g.jpg,https://aruodas-img.dgn.lt/object_61_115355515/vilnius-pasilaiciai-jurgio-baltrusaicio-g.jpg,https://aruodas-img.dgn.lt/object_61_115355517/vilnius-pasilaiciai-jurgio-baltrusaicio-g.jpg,https://aruodas-img.dgn.lt/object_61_115355523/vilnius-pasilaiciai-jurgio-baltrusaicio-g.jpg,https://aruodas-img.dgn.lt/object_61_115355525/vilnius-pasilaiciai-jurgio-baltrusaicio-g.jpg,https://aruodas-img.dgn.lt/object_61_115355527/vilnius-pasilaiciai-jurgio-baltrusaicio-g.jpg,https://aruodas-img.dgn.lt/object_61_115355541/vilnius-pasilaiciai-jurgio-baltrusaicio-g.jpg,https://aruodas-img.dgn.lt/object_61_115355567/vilnius-pasilaiciai-jurgio-baltrusaicio-g.jpg,https://aruodas-img.dgn.lt/object_61_115355565/vilnius-pasilaiciai-jurgio-baltrusaicio-g.jpg,https://aruodas-img.dgn.lt/object_61_115355559/vilnius-pasilaiciai-jurgio-baltrusaicio-g.jpg,https://aruodas-img.dgn.lt/object_61_115355563/vilnius-pasilaiciai-jurgio-baltrusaicio-g.jpg,https://aruodas-img.dgn.lt/object_61_115355573/vilnius-pasilaiciai-jurgio-baltrusaicio-g.jpg"
3400981,1,55.99,1968,Brick,"54.89347,24.0037",Fully equipped,5,Central thermostat,Petrašiūnai,5,3,85000,Kaunas,2018,R. Kalantos g.,aruodas.lt/1-3400981,"https://aruodas-img.dgn.lt/object_61_115355139/kaunas-petrasiunai-r-kalantos-g.jpg,https://aruodas-img.dgn.lt/object_61_115355141/kaunas-petrasiunai-r-kalantos-g.jpg,https://aruodas-img.dgn.lt/object_61_115355143/kaunas-petrasiunai-r-kalantos-g.jpg,https://aruodas-img.dgn.lt/object_61_115355145/kaunas-petrasiunai-r-kalantos-g.jpg,https://aruodas-img.dgn.lt/object_61_115355147/kaunas-petrasiunai-r-kalantos-g.jpg,https://aruodas-img.dgn.lt/object_61_115355149/kaunas-petrasiunai-r-kalantos-g.jpg,https://aruodas-img.dgn.lt/object_61_115355171/kaunas-petrasiunai-r-kalantos-g.jpg,https://aruodas-img.dgn.lt/object_61_115355177/kaunas-petrasiunai-r-kalantos-g.jpg,https://aruodas-img.dgn.lt/object_61_115355179/kaunas-petrasiunai-r-kalantos-g.jpg"
3400979,1,32,1970,Brick,"55.7224,21.11791",Fully equipped,1,Central thermostat,Sportininkai,5,1,75000,Klaipėda,2023,Malūnininkų g.,aruodas.lt/1-3400979,"https://aruodas-img.dgn.lt/object_61_115355091/klaipeda-sportininkai-malunininku-g.jpg,https://aruodas-img.dgn.lt/object_61_115355079/klaipeda-sportininkai-malunininku-g.jpg,https://aruodas-img.dgn.lt/object_61_115355081/klaipeda-sportininkai-malunininku-g.jpg,https://aruodas-img.dgn.lt/object_61_115355083/klaipeda-sportininkai-malunininku-g.jpg,https://aruodas-img.dgn.lt/object_61_115355087/klaipeda-sportininkai-malunininku-g.jpg,https://aruodas-img.dgn.lt/object_61_115355085/klaipeda-sportininkai-malunininku-g.jpg,https://aruodas-img.dgn.lt/object_61_115355089/klaipeda-sportininkai-malunininku-g.jpg,https://aruodas-img.dgn.lt/object_61_115355093/klaipeda-sportininkai-malunininku-g.jpg,https://aruodas-img.dgn.lt/object_61_115355095/klaipeda-sportininkai-malunininku-g.jpg,https://aruodas-img.dgn.lt/object_61_115355097/klaipeda-sportininkai-malunininku-g.jpg,https://aruodas-img.dgn.lt/object_61_115355115/klaipeda-sportininkai-malunininku-g.jpg,https://aruodas-img.dgn.lt/object_61_115355119/klaipeda-sportininkai-malunininku-g.jpg,https://aruodas-img.dgn.lt/object_61_115355123/klaipeda-sportininkai-malunininku-g.jpg,https://aruodas-img.dgn.lt/object_61_115355121/klaipeda-sportininkai-malunininku-g.jpg,https://aruodas-img.dgn.lt/object_61_115355125/klaipeda-sportininkai-malunininku-g.jpg,https://aruodas-img.dgn.lt/object_61_115355131/klaipeda-sportininkai-malunininku-g.jpg,https://aruodas-img.dgn.lt/object_61_115355133/klaipeda-sportininkai-malunininku-g.jpg"
3344680,1,61,1985,Block house,"54.78699,24.67589",Fully equipped,1,Central,,5,3,88000,Elektrėnų m.,2023,Saulės g.,aruodas.lt/1-3344680,"https://aruodas-img.dgn.lt/object_61_111614376/elektrenu-m-saules-g.jpg,https://aruodas-img.dgn.lt/object_61_111614360/elektrenu-m-saules-g.jpg,https://aruodas-img.dgn.lt/object_61_111614356/elektrenu-m-saules-g.jpg,https://aruodas-img.dgn.lt/object_61_111614388/elektrenu-m-saules-g.jpg,https://aruodas-img.dgn.lt/object_61_111614380/elektrenu-m-saules-g.jpg,https://aruodas-img.dgn.lt/object_61_111614382/elektrenu-m-saules-g.jpg,https://aruodas-img.dgn.lt/object_61_111614384/elektrenu-m-saules-g.jpg,https://aruodas-img.dgn.lt/object_61_111614358/elektrenu-m-saules-g.jpg,https://aruodas-img.dgn.lt/object_61_111614362/elektrenu-m-saules-g.jpg,https://aruodas-img.dgn.lt/object_61_111614364/elektrenu-m-saules-g.jpg,https://aruodas-img.dgn.lt/object_61_111614366/elektrenu-m-saules-g.jpg,https://aruodas-img.dgn.lt/object_61_111614368/elektrenu-m-saules-g.jpg,https://aruodas-img.dgn.lt/object_61_111614370/elektrenu-m-saules-g.jpg,https://aruodas-img.dgn.lt/object_61_111614372/elektrenu-m-saules-g.jpg,https://aruodas-img.dgn.lt/object_61_111614374/elektrenu-m-saules-g.jpg,https://aruodas-img.dgn.lt/object_61_111614378/elektrenu-m-saules-g.jpg"
3400977,1,43.97,2013,Brick,"54.95664,23.82204",Fully equipped,3,Gas,Užliedžių k.,3,2,115500,Kauno r. sav.,0,Griežlės g.,aruodas.lt/1-3400977,"https://aruodas-img.dgn.lt/object_61_115354935/kauno-r-sav-uzliedziu-k-griezles-g.jpg,https://aruodas-img.dgn.lt/object_61_115354937/kauno-r-sav-uzliedziu-k-griezles-g.jpg,https://aruodas-img.dgn.lt/object_61_115354931/kauno-r-sav-uzliedziu-k-griezles-g.jpg,https://aruodas-img.dgn.lt/object_61_115354939/kauno-r-sav-uzliedziu-k-griezles-g.jpg,https://aruodas-img.dgn.lt/object_61_115354929/kauno-r-sav-uzliedziu-k-griezles-g.jpg,https://aruodas-img.dgn.lt/object_61_115354933/kauno-r-sav-uzliedziu-k-griezles-g.jpg"
3400975,1,82,1992,Brick,"56.18954,22.68087",Fully equipped,1,Central,Centras,4,3,165000,Šiauliai,0,Parko g.,aruodas.lt/1-3400975,"https://aruodas-img.dgn.lt/object_61_115354701/siauliai-centras-parko-g.jpg,https://aruodas-img.dgn.lt/object_61_115354703/siauliai-centras-parko-g.jpg,https://aruodas-img.dgn.lt/object_61_115354705/siauliai-centras-parko-g.jpg,https://aruodas-img.dgn.lt/object_61_115354707/siauliai-centras-parko-g.jpg,https://aruodas-img.dgn.lt/object_61_115354709/siauliai-centras-parko-g.jpg,https://aruodas-img.dgn.lt/object_61_115354711/siauliai-centras-parko-g.jpg,https://aruodas-img.dgn.lt/object_61_115354713/siauliai-centras-parko-g.jpg,https://aruodas-img.dgn.lt/object_61_115354715/siauliai-centras-parko-g.jpg,https://aruodas-img.dgn.lt/object_61_115354717/siauliai-centras-parko-g.jpg,https://aruodas-img.dgn.lt/object_61_115354719/siauliai-centras-parko-g.jpg,https://aruodas-img.dgn.lt/object_61_115354721/siauliai-centras-parko-g.jpg,https://aruodas-img.dgn.lt/object_61_115354723/siauliai-centras-parko-g.jpg,https://aruodas-img.dgn.lt/object_61_115354725/siauliai-centras-parko-g.jpg,https://aruodas-img.dgn.lt/object_61_115354727/siauliai-centras-parko-g.jpg,https://aruodas-img.dgn.lt/object_61_115354729/siauliai-centras-parko-g.jpg,https://aruodas-img.dgn.lt/object_61_115354731/siauliai-centras-parko-g.jpg,https://aruodas-img.dgn.lt/object_61_115354733/siauliai-centras-parko-g.jpg,https://aruodas-img.dgn.lt/object_61_115354735/siauliai-centras-parko-g.jpg,https://aruodas-img.dgn.lt/object_61_115354737/siauliai-centras-parko-g.jpg,https://aruodas-img.dgn.lt/object_61_115354739/siauliai-centras-parko-g.jpg,https://aruodas-img.dgn.lt/object_61_115354741/siauliai-centras-parko-g.jpg,https://aruodas-img.dgn.lt/object_61_115354743/siauliai-centras-parko-g.jpg,https://aruodas-img.dgn.lt/object_61_115354745/siauliai-centras-parko-g.jpg,https://aruodas-img.dgn.lt/object_61_115354747/siauliai-centras-parko-g.jpg,https://aruodas-img.dgn.lt/object_61_115354749/siauliai-centras-parko-g.jpg,https://aruodas-img.dgn.lt/object_61_115354751/siauliai-centras-parko-g.jpg,https://aruodas-img.dgn.lt/object_61_115354753/siauliai-centras-parko-g.jpg,https://aruodas-img.dgn.lt/object_61_115354755/siauliai-centras-parko-g.jpg"
3399247,1,41.12,1988,Block house,"54.63839,25.20684",Fully equipped,4,Central,Žemieji Paneriai,5,1,74000,Vilnius,0,Vaduvos g.,aruodas.lt/1-3399247,"https://aruodas-img.dgn.lt/object_61_115269229/vilnius-zemieji-paneriai-vaduvos-g.jpg,https://aruodas-img.dgn.lt/object_61_115270933/vilnius-zemieji-paneriai-vaduvos-g.jpg,https://aruodas-img.dgn.lt/object_61_115269267/vilnius-zemieji-paneriai-vaduvos-g.jpg,https://aruodas-img.dgn.lt/object_61_115269239/vilnius-zemieji-paneriai-vaduvos-g.jpg,https://aruodas-img.dgn.lt/object_61_115269345/vilnius-zemieji-paneriai-vaduvos-g.jpg,https://aruodas-img.dgn.lt/object_61_115269269/vilnius-zemieji-paneriai-vaduvos-g.jpg,https://aruodas-img.dgn.lt/object_61_115269291/vilnius-zemieji-paneriai-vaduvos-g.jpg,https://aruodas-img.dgn.lt/object_61_115269373/vilnius-zemieji-paneriai-vaduvos-g.jpg,https://aruodas-img.dgn.lt/object_61_115250731/vilnius-zemieji-paneriai-vaduvos-g.jpg,https://aruodas-img.dgn.lt/object_61_115269389/vilnius-zemieji-paneriai-vaduvos-g.jpg,https://aruodas-img.dgn.lt/object_61_115250757/vilnius-zemieji-paneriai-vaduvos-g.jpg,https://aruodas-img.dgn.lt/object_61_115272207/vilnius-zemieji-paneriai-vaduvos-g.jpg,https://aruodas-img.dgn.lt/object_61_115269377/vilnius-zemieji-paneriai-vaduvos-g.jpg,https://aruodas-img.dgn.lt/object_61_115269375/vilnius-zemieji-paneriai-vaduvos-g.jpg,https://aruodas-img.dgn.lt/object_61_115250735/vilnius-zemieji-paneriai-vaduvos-g.jpg,https://aruodas-img.dgn.lt/object_61_115250763/vilnius-zemieji-paneriai-vaduvos-g.jpg,https://aruodas-img.dgn.lt/object_61_115269439/vilnius-zemieji-paneriai-vaduvos-g.jpg,https://aruodas-img.dgn.lt/object_61_115250767/vilnius-zemieji-paneriai-vaduvos-g.jpg,https://aruodas-img.dgn.lt/object_61_115340409/vilnius-zemieji-paneriai-vaduvos-g.jpg,https://aruodas-img.dgn.lt/object_61_115250991/vilnius-zemieji-paneriai-vaduvos-g.jpg,https://aruodas-img.dgn.lt/object_61_115250705/vilnius-zemieji-paneriai-vaduvos-g.jpg,https://aruodas-img.dgn.lt/object_61_115250707/vilnius-zemieji-paneriai-vaduvos-g.jpg,https://aruodas-img.dgn.lt/object_61_115269431/vilnius-zemieji-paneriai-vaduvos-g.jpg"
3400973,1,53.3,2023,Brick,"54.7077,25.17258",Fully equipped,5,Central thermostat,Pilaitė,5,3,186000,Vilnius,0,Tvankstos g.,aruodas.lt/1-3400973,"https://aruodas-img.dgn.lt/object_61_115353963/vilnius-pilaite-tvankstos-g.jpg,https://aruodas-img.dgn.lt/object_61_115353965/vilnius-pilaite-tvankstos-g.jpg,https://aruodas-img.dgn.lt/object_61_115353967/vilnius-pilaite-tvankstos-g.jpg,https://aruodas-img.dgn.lt/object_61_115353971/vilnius-pilaite-tvankstos-g.jpg,https://aruodas-img.dgn.lt/object_61_115353973/vilnius-pilaite-tvankstos-g.jpg,https://aruodas-img.dgn.lt/object_61_115353975/vilnius-pilaite-tvankstos-g.jpg,https://aruodas-img.dgn.lt/object_61_115353977/vilnius-pilaite-tvankstos-g.jpg,https://aruodas-img.dgn.lt/object_61_115353979/vilnius-pilaite-tvankstos-g.jpg,https://aruodas-img.dgn.lt/object_61_115353981/vilnius-pilaite-tvankstos-g.jpg,https://aruodas-img.dgn.lt/object_61_115353983/vilnius-pilaite-tvankstos-g.jpg,https://aruodas-img.dgn.lt/object_61_115353985/vilnius-pilaite-tvankstos-g.jpg,https://aruodas-img.dgn.lt/object_61_115353987/vilnius-pilaite-tvankstos-g.jpg,https://aruodas-img.dgn.lt/object_61_115353989/vilnius-pilaite-tvankstos-g.jpg,https://aruodas-img.dgn.lt/object_61_115353991/vilnius-pilaite-tvankstos-g.jpg,https://aruodas-img.dgn.lt/object_61_115353993/vilnius-pilaite-tvankstos-g.jpg,https://aruodas-img.dgn.lt/object_61_115353999/vilnius-pilaite-tvankstos-g.jpg,https://aruodas-img.dgn.lt/object_61_115354001/vilnius-pilaite-tvankstos-g.jpg,https://aruodas-img.dgn.lt/object_61_115354003/vilnius-pilaite-tvankstos-g.jpg,https://aruodas-img.dgn.lt/object_61_115354013/vilnius-pilaite-tvankstos-g.jpg,https://aruodas-img.dgn.lt/object_61_115354025/vilnius-pilaite-tvankstos-g.jpg,https://aruodas-img.dgn.lt/object_61_115354031/vilnius-pilaite-tvankstos-g.jpg,https://aruodas-img.dgn.lt/object_61_115354045/vilnius-pilaite-tvankstos-g.jpg,https://aruodas-img.dgn.lt/object_61_115354069/vilnius-pilaite-tvankstos-g.jpg,https://aruodas-img.dgn.lt/object_61_115354071/vilnius-pilaite-tvankstos-g.jpg,https://aruodas-img.dgn.lt/object_61_115353997/vilnius-pilaite-tvankstos-g.jpg,https://aruodas-img.dgn.lt/object_61_115354073/vilnius-pilaite-tvankstos-g.jpg,https://aruodas-img.dgn.lt/object_61_115354075/vilnius-pilaite-tvankstos-g.jpg,https://aruodas-img.dgn.lt/object_61_115354077/vilnius-pilaite-tvankstos-g.jpg"
3400005,1,65,2007,Brick,"54.73879,25.21962",Fully equipped,8,Central thermostat,Pašilaičiai,9,2,133000,Vilnius,0,Perkūnkiemio g.,aruodas.lt/1-3400005,"https://aruodas-img.dgn.lt/object_61_115325005/vilnius-pasilaiciai-perkunkiemio-g.jpg,https://aruodas-img.dgn.lt/object_61_115325009/vilnius-pasilaiciai-perkunkiemio-g.jpg,https://aruodas-img.dgn.lt/object_61_115325029/vilnius-pasilaiciai-perkunkiemio-g.jpg,https://aruodas-img.dgn.lt/object_61_115325015/vilnius-pasilaiciai-perkunkiemio-g.jpg,https://aruodas-img.dgn.lt/object_61_115325017/vilnius-pasilaiciai-perkunkiemio-g.jpg,https://aruodas-img.dgn.lt/object_61_115325053/vilnius-pasilaiciai-perkunkiemio-g.jpg,https://aruodas-img.dgn.lt/object_61_115325021/vilnius-pasilaiciai-perkunkiemio-g.jpg,https://aruodas-img.dgn.lt/object_61_115325051/vilnius-pasilaiciai-perkunkiemio-g.jpg,https://aruodas-img.dgn.lt/object_61_115325027/vilnius-pasilaiciai-perkunkiemio-g.jpg,https://aruodas-img.dgn.lt/object_61_115325153/vilnius-pasilaiciai-perkunkiemio-g.jpg,https://aruodas-img.dgn.lt/object_61_115325221/vilnius-pasilaiciai-perkunkiemio-g.jpg"
3400007,1,44.15,1966,Brick,"54.67025,25.24529",Fully equipped,4,Central,Naujamiestis,5,2,118900,Vilnius,2018,Gerosios Vilties g.,aruodas.lt/1-3400007,"https://aruodas-img.dgn.lt/object_61_115294569/vilnius-naujamiestis-gerosios-vilties-g.jpg,https://aruodas-img.dgn.lt/object_61_115294575/vilnius-naujamiestis-gerosios-vilties-g.jpg,https://aruodas-img.dgn.lt/object_61_115294563/vilnius-naujamiestis-gerosios-vilties-g.jpg,https://aruodas-img.dgn.lt/object_61_115294583/vilnius-naujamiestis-gerosios-vilties-g.jpg,https://aruodas-img.dgn.lt/object_61_115294571/vilnius-naujamiestis-gerosios-vilties-g.jpg,https://aruodas-img.dgn.lt/object_61_115294573/vilnius-naujamiestis-gerosios-vilties-g.jpg"
3400967,1,42.51,2023,Block house,"54.72008,25.29648",Fully equipped,5,Central thermostat,Žirmūnai,9,2,181000,Vilnius,0,Verkių g.,aruodas.lt/1-3400967,"https://aruodas-img.dgn.lt/object_61_115354677/vilnius-zirmunai-verkiu-g.jpg,https://aruodas-img.dgn.lt/object_61_115354679/vilnius-zirmunai-verkiu-g.jpg,https://aruodas-img.dgn.lt/object_61_115354681/vilnius-zirmunai-verkiu-g.jpg,https://aruodas-img.dgn.lt/object_61_115354685/vilnius-zirmunai-verkiu-g.jpg,https://aruodas-img.dgn.lt/object_61_115354663/vilnius-zirmunai-verkiu-g.jpg,https://aruodas-img.dgn.lt/object_61_115354683/vilnius-zirmunai-verkiu-g.jpg,https://aruodas-img.dgn.lt/object_61_115354671/vilnius-zirmunai-verkiu-g.jpg,https://aruodas-img.dgn.lt/object_61_115354565/vilnius-zirmunai-verkiu-g.jpg,https://aruodas-img.dgn.lt/object_61_115354673/vilnius-zirmunai-verkiu-g.jpg,https://aruodas-img.dgn.lt/object_61_115354675/vilnius-zirmunai-verkiu-g.jpg,https://aruodas-img.dgn.lt/object_61_115354551/vilnius-zirmunai-verkiu-g.jpg,https://aruodas-img.dgn.lt/object_61_115354571/vilnius-zirmunai-verkiu-g.jpg,https://aruodas-img.dgn.lt/object_61_115354577/vilnius-zirmunai-verkiu-g.jpg,https://aruodas-img.dgn.lt/object_61_115354665/vilnius-zirmunai-verkiu-g.jpg,https://aruodas-img.dgn.lt/object_61_115354669/vilnius-zirmunai-verkiu-g.jpg,https://aruodas-img.dgn.lt/object_61_115354585/vilnius-zirmunai-verkiu-g.jpg,https://aruodas-img.dgn.lt/object_61_115354589/vilnius-zirmunai-verkiu-g.jpg,https://aruodas-img.dgn.lt/object_61_115354591/vilnius-zirmunai-verkiu-g.jpg,https://aruodas-img.dgn.lt/object_61_115354593/vilnius-zirmunai-verkiu-g.jpg,https://aruodas-img.dgn.lt/object_61_115354595/vilnius-zirmunai-verkiu-g.jpg,https://aruodas-img.dgn.lt/object_61_115354597/vilnius-zirmunai-verkiu-g.jpg,https://aruodas-img.dgn.lt/object_61_115354599/vilnius-zirmunai-verkiu-g.jpg,https://aruodas-img.dgn.lt/object_61_115354601/vilnius-zirmunai-verkiu-g.jpg,https://aruodas-img.dgn.lt/object_61_115354603/vilnius-zirmunai-verkiu-g.jpg,https://aruodas-img.dgn.lt/object_61_115354605/vilnius-zirmunai-verkiu-g.jpg,https://aruodas-img.dgn.lt/object_61_115354607/vilnius-zirmunai-verkiu-g.jpg,https://aruodas-img.dgn.lt/object_61_115354609/vilnius-zirmunai-verkiu-g.jpg,https://aruodas-img.dgn.lt/object_61_115354611/vilnius-zirmunai-verkiu-g.jpg,https://aruodas-img.dgn.lt/object_61_115354613/vilnius-zirmunai-verkiu-g.jpg,https://aruodas-img.dgn.lt/object_61_115354615/vilnius-zirmunai-verkiu-g.jpg,https://aruodas-img.dgn.lt/object_61_115354617/vilnius-zirmunai-verkiu-g.jpg,https://aruodas-img.dgn.lt/object_61_115354619/vilnius-zirmunai-verkiu-g.jpg"
3400961,1,35.4,1982,Block house,"54.714,25.25272",Fully equipped,5,Central,Šeškinė,5,1,88800,Vilnius,0,Šeškinės g.,aruodas.lt/1-3400961,"https://aruodas-img.dgn.lt/object_61_115354415/vilnius-seskine-seskines-g.jpg,https://aruodas-img.dgn.lt/object_61_115354417/vilnius-seskine-seskines-g.jpg,https://aruodas-img.dgn.lt/object_61_115354419/vilnius-seskine-seskines-g.jpg,https://aruodas-img.dgn.lt/object_61_115354421/vilnius-seskine-seskines-g.jpg,https://aruodas-img.dgn.lt/object_61_115354423/vilnius-seskine-seskines-g.jpg,https://aruodas-img.dgn.lt/object_61_115354425/vilnius-seskine-seskines-g.jpg,https://aruodas-img.dgn.lt/object_61_115354427/vilnius-seskine-seskines-g.jpg,https://aruodas-img.dgn.lt/object_61_115354429/vilnius-seskine-seskines-g.jpg,https://aruodas-img.dgn.lt/object_61_115354431/vilnius-seskine-seskines-g.jpg,https://aruodas-img.dgn.lt/object_61_115354433/vilnius-seskine-seskines-g.jpg,https://aruodas-img.dgn.lt/object_61_115354435/vilnius-seskine-seskines-g.jpg,https://aruodas-img.dgn.lt/object_61_115354437/vilnius-seskine-seskines-g.jpg,https://aruodas-img.dgn.lt/object_61_115354439/vilnius-seskine-seskines-g.jpg,https://aruodas-img.dgn.lt/object_61_115354441/vilnius-seskine-seskines-g.jpg,https://aruodas-img.dgn.lt/object_61_115354443/vilnius-seskine-seskines-g.jpg,https://aruodas-img.dgn.lt/object_61_115354445/vilnius-seskine-seskines-g.jpg,https://aruodas-img.dgn.lt/object_61_115354447/vilnius-seskine-seskines-g.jpg,https://aruodas-img.dgn.lt/object_61_115354449/vilnius-seskine-seskines-g.jpg,https://aruodas-img.dgn.lt/object_61_115354451/vilnius-seskine-seskines-g.jpg,https://aruodas-img.dgn.lt/object_61_115354453/vilnius-seskine-seskines-g.jpg,https://aruodas-img.dgn.lt/object_61_115354455/vilnius-seskine-seskines-g.jpg,https://aruodas-img.dgn.lt/object_61_115354457/vilnius-seskine-seskines-g.jpg,https://aruodas-img.dgn.lt/object_61_115354459/vilnius-seskine-seskines-g.jpg,https://aruodas-img.dgn.lt/object_61_115354461/vilnius-seskine-seskines-g.jpg,https://aruodas-img.dgn.lt/object_61_115354463/vilnius-seskine-seskines-g.jpg,https://aruodas-img.dgn.lt/object_61_115354465/vilnius-seskine-seskines-g.jpg,https://aruodas-img.dgn.lt/object_61_115354467/vilnius-seskine-seskines-g.jpg"
3400963,1,18,1986,Block house,"55.91426,23.27979",Fully equipped,4,Central,Lieporiai,5,1,10000,Šiauliai,0,Tilžės g.,aruodas.lt/1-3400963,"https://aruodas-img.dgn.lt/object_61_115354233/siauliai-lieporiai-tilzes-g.jpg,https://aruodas-img.dgn.lt/object_61_115354235/siauliai-lieporiai-tilzes-g.jpg,https://aruodas-img.dgn.lt/object_61_115354237/siauliai-lieporiai-tilzes-g.jpg,https://aruodas-img.dgn.lt/object_61_115354239/siauliai-lieporiai-tilzes-g.jpg,https://aruodas-img.dgn.lt/object_61_115354241/siauliai-lieporiai-tilzes-g.jpg,https://aruodas-img.dgn.lt/object_61_115354243/siauliai-lieporiai-tilzes-g.jpg,https://aruodas-img.dgn.lt/object_61_115354245/siauliai-lieporiai-tilzes-g.jpg,https://aruodas-img.dgn.lt/object_61_115354247/siauliai-lieporiai-tilzes-g.jpg"
3365506,1,45,1971,Block house,"54.9188,23.99836",Fully equipped,2,Electric,Dainava,2,2,72000,Kaunas,0,Taikos pr.,aruodas.lt/1-3365506,"https://aruodas-img.dgn.lt/object_61_113010790/kaunas-dainava-taikos-pr.jpg,https://aruodas-img.dgn.lt/object_61_113010878/kaunas-dainava-taikos-pr.jpg,https://aruodas-img.dgn.lt/object_61_113010796/kaunas-dainava-taikos-pr.jpg,https://aruodas-img.dgn.lt/object_61_113010876/kaunas-dainava-taikos-pr.jpg,https://aruodas-img.dgn.lt/object_61_113010810/kaunas-dainava-taikos-pr.jpg,https://aruodas-img.dgn.lt/object_61_113010894/kaunas-dainava-taikos-pr.jpg,https://aruodas-img.dgn.lt/object_61_113010972/kaunas-dainava-taikos-pr.jpg,https://aruodas-img.dgn.lt/object_61_113011298/kaunas-dainava-taikos-pr.jpg,https://aruodas-img.dgn.lt/object_61_113010974/kaunas-dainava-taikos-pr.jpg"
